id	haplos	alleles	name
HG002	11+14	KIR2DL1*0030218_KIR2DL3*00101$_KIR2DL4*0050101_KIR2DL5A*0010103_KIR2DP1*00201$_KIR2DS1*00201$_KIR2DS5*0020111_KIR3DL2*00701$_KIR3DL3*00101$_KIR3DP1*0030202_KIR3DS1*0130101_KIR2DL1*0040105_KIR2DL4*00501$_KIR2DL4*0050101_KIR2DL5A*00101$_KIR2DP1*00102#_KIR2DS1*00201$_KIR2DS2*005+_KIR2DS5*00201$_KIR3DL2*00701$_KIR3DL3*00301$_KIR3DP1*0030101_KIR3DP1*004#_KIR3DS1*01301$_KIR3DS1*0130118	HG002
HG00438	9+9	KIR2DL1*00302$_KIR2DL3*023+_KIR2DL4*0010201_KIR2DP1*00201$_KIR2DS4*0010102_KIR3DL1*0150204_KIR3DL2*0020105_KIR3DL3*01002$_KIR3DP1*0030212_KIR2DL1*0030204_KIR2DL3*00101$_KIR2DL4*0010201_KIR2DP1*00201$_KIR2DS4*00101$_KIR3DL1*01502$_KIR3DL2*0020105_KIR3DL3*01001$_KIR3DP1*0030202	HG00438
HG005	9+9	KIR2DL1*00302$_KIR2DL3*00101$_KIR2DL4*0110101_KIR2DP1*00201$_KIR2DS4*010_KIR3DL1*0050103_KIR3DL2*01001$_KIR3DL3*01002$_KIR3DP1*0030202_KIR2DL1*0030205_KIR2DL3*00101$_KIR2DL4*0010201_KIR2DP1*00201$_KIR2DS4*00101$_KIR3DL1*01502$_KIR3DL2*00201$_KIR3DL3*00902#_KIR3DP1*0030202	HG005
HG00621	9+9	KIR2DL1*00302$_KIR2DL3*00101$_KIR2DL4*0010201_KIR2DP1*0020109_KIR2DS4*0010107_KIR3DL1*0150203_KIR3DL2*0020105_KIR3DL3*01502$_KIR3DP1*0030202_KIR2DL1*0030205_KIR2DL3*00101$_KIR2DL4*0010201_KIR2DP1*00201$_KIR2DS4*0010107_KIR3DL1*0150203_KIR3DL2*0020105_KIR3DL3*01002$_KIR3DP1*0030202	HG00621
HG00673	11+9	KIR2DL1*00302$_KIR2DL3*00101$_KIR2DL4*00504+_KIR2DL5A*0010103_KIR2DP1*00201$_KIR2DS1*0020103_KIR2DS5*0020111_KIR3DL2*093+_KIR3DL3*01001$_KIR3DP1*0030202_KIR3DS1*0130101_KIR2DL1*00302$_KIR2DL3*00101$_KIR2DL4*0060201_KIR2DP1*00201$_KIR2DS4*00401$_KIR3DL1*0070104_KIR3DL2*00801$_KIR3DL3*00902$_KIR3DP1*0030202	HG00673
HG00733	15+9	KIR2DL1*00401$_KIR2DL2*00101$_KIR2DL4*0010201_KIR2DL4*0050107_KIR2DL5B*0020107_KIR2DP1*00102$_KIR2DS2*0010124_KIR2DS3*00103$_KIR2DS4*00101$_KIR3DL1*0020103_KIR3DL2*00201$_KIR3DL3*0140205_KIR3DP1*0030101_KIR3DP1*004+_KIR3DS1*01301$_KIR2DL1*00303$_KIR2DL3*006$_KIR2DL4*0080101_KIR2DP1*007$_KIR2DS4*00301$_KIR3DL1*00101$_KIR3DL2*00101$_KIR3DL3*005$_KIR3DP1*01001$	HG00733
HG00735	8+9	KIR2DL2*00101$_KIR2DL4*0080204_KIR2DS2*00101$_KIR2DS4*00601$_KIR3DL1*00401$_KIR3DL2*00302+_KIR3DL3*00402$_KIR3DP1*0030101_KIR2DL1*0030212_KIR2DL3*00101$_KIR2DL4*0110101_KIR2DP1*00203+_KIR2DS4*010_KIR3DL1*0050101_KIR3DL2*0010302_KIR3DL3*0090106_KIR3DP1*0030207	HG00735
HG00741	5+9	KIR2DL3*00101$_KIR2DP1*00201#_KIR2DS1*00502+_KIR3DL2*10002#_KIR3DL3*0010101_KIR2DL1*00201$_KIR2DL3*00201$_KIR2DL4*0080204_KIR2DP1*0030102_KIR2DS4*00601$_KIR3DL1*0040101_KIR3DL2*00501_KIR3DL3*01302$_KIR3DP1*0060103	HG00741
HG01071	9+9	KIR2DL1*0030212_KIR2DL3*00101$_KIR2DL4*0080204_KIR2DP1*00203+_KIR2DS4*00601$_KIR3DL1*0040101_KIR3DL2*00501_KIR3DL3*0020602_KIR3DP1*0030207_KIR2DL1*0030204_KIR2DL3*00101$_KIR2DL4*0010304_KIR2DP1*00201$_KIR2DS4*0010106_KIR3DL1*0200103_KIR3DL2*00902+_KIR3DL3*00602$_KIR3DP1*0030202	HG01071
HG01106	9+9	KIR2DL1*0030208_KIR2DL3*00101$_KIR2DL4*0010202_KIR2DP1*008$_KIR2DS4*0010101_KIR3DL1*01502$_KIR3DL2*0020104_KIR3DL3*0020604_KIR3DP1*00303+_KIR2DL1*0030205_KIR2DL3*00101$_KIR2DL4*00102$_KIR2DP1*00201$_KIR2DS4*0010102_KIR3DL1*0150204_KIR3DL2*0020105_KIR3DL3*00802_KIR3DP1*0030202	HG01106
HG01109	9+9	KIR2DL1*00302$_KIR2DL3*00101$_KIR2DL4*00103$_KIR2DP1*00201$_KIR2DS4*00101$_KIR3DL1*0150101_KIR3DL2*01301+_KIR3DL3*0090101_KIR3DP1*0100102_KIR2DL1*00601+_KIR2DL3*00501$_KIR2DL4*01201+_KIR2DP1*006#_KIR2DS4*009=_KIR3DL1*022$_KIR3DL2*00103$_KIR3DL3*035+_KIR3DP1*0030209	HG01109
HG01123	14+8	KIR2DL1*00302$_KIR2DL3*00101$_KIR2DL4*0050101_KIR2DL4*0050101_KIR2DL5A*00101$_KIR2DP1*00201$_KIR2DS1*00201$_KIR2DS5*00201$_KIR3DL2*00701$_KIR3DL3*00902$_KIR3DP1*0030212_KIR3DP1*007#_KIR3DS1*0130101_KIR3DS1*0130101_KIR2DL2*00101$_KIR2DL4*00802$_KIR2DS2*0010102_KIR2DS4*00601$_KIR3DL1*00402_KIR3DL2*00301+_KIR3DL3*01402$_KIR3DP1*00601$	HG01123
HG01175	10+9	KIR2DL2*0030101_KIR2DL4*0050101_KIR2DL5A*0050101_KIR2DS1*0020104_KIR2DS2*00101$_KIR2DS3*00201$_KIR3DL2*0070102_KIR3DL3*0070103_KIR3DP1*0090102_KIR3DS1*01301$_KIR2DL1*0030225_KIR2DL3*00101$_KIR2DL4*00103$_KIR2DP1*00201#_KIR2DS4*00301$_KIR3DL1*00801$_KIR3DL2*00901$_KIR3DL3*00207$_KIR3DP1*00302$	HG01175
HG01243	7+7	KIR2DL2*00301$_KIR2DL5B*00601$_KIR2DS1*00201$_KIR2DS2*00102+_KIR2DS5*009+_KIR3DL2*01901+_KIR3DL3*050+_KIR2DL2*00101$_KIR2DL5B*00801$_KIR2DS1*0020103_KIR2DS2*00101$_KIR2DS5*00201$_KIR3DL2*058+_KIR3DL3*01402$	HG01243
HG01258	10+11	KIR2DL2*00301$_KIR2DL4*0050101_KIR2DL5A*00101$_KIR2DS1*0020103_KIR2DS2*0010108_KIR2DS5*00201$_KIR3DL2*018$_KIR3DL3*01403+_KIR3DP1*0090101_KIR3DS1*0130101_KIR2DL1*00201$_KIR2DL3*00201$_KIR2DL4*0050101_KIR2DL5A*0010101_KIR2DP1*00301$_KIR2DS1*00201$_KIR2DS5*0020111_KIR3DL2*00701$_KIR3DL3*00602$_KIR3DP1*0150101_KIR3DS1*0130101	HG01258
HG01358	9+7	KIR2DL1*00302$_KIR2DL3*00101$_KIR2DL4*0010201_KIR2DP1*00201$_KIR2DS4*0010102_KIR3DL1*01502$_KIR3DL2*0020105_KIR3DL3*00901$_KIR3DP1*0030202_KIR2DL2*00101$_KIR2DL5B*00801$_KIR2DS1*00201$_KIR2DS2*00101$_KIR2DS5*00201$_KIR3DL2*00701$_KIR3DL3*02801+	HG01358
HG01361	9+10	KIR2DL1*0030204_KIR2DL3*00101$_KIR2DL4*00801#_KIR2DP1*00201$_KIR2DS4*0030101_KIR3DL1*00101$_KIR3DL2*0010101_KIR3DL3*04801$_KIR3DP1*0030206_KIR2DL2*00301$_KIR2DL4*0050101_KIR2DL5A*00101$_KIR2DS1*0020103_KIR2DS2*0010108_KIR2DS5*00201$_KIR3DL2*018$_KIR3DL3*01403+_KIR3DP1*0090101_KIR3DS1*0130101	HG01361
HG01891	9+12	KIR2DL1*00302$_KIR2DL3*00101$_KIR2DL4*0010306_KIR2DP1*00201$_KIR2DS4*00101$_KIR3DL1*01502$_KIR3DL2*00103$_KIR3DL3*01101+_KIR3DP1*0030202_KIR2DL1*00401$_KIR2DL2*00101$_KIR2DL4*00201#_KIR2DL5B*006=_KIR2DP1*010#_KIR2DS2*00101$_KIR2DS4*00104+_KIR2DS5*00501#_KIR3DL1*03101$_KIR3DL2*00103$_KIR3DL3*00402$_KIR3DP1*00304$	HG01891
HG01928	9+9	KIR2DL1*0030205_KIR2DL3*00101$_KIR2DL4*00102$_KIR2DP1*00201#_KIR2DS4*0010102_KIR3DL1*02501$_KIR3DL2*071+_KIR3DL3*00902$_KIR3DP1*0030212_KIR2DL1*0030205_KIR2DL3*00101$_KIR2DL4*0010201_KIR2DP1*00201#_KIR2DS4*0010102_KIR3DL1*0150204_KIR3DL2*0020105_KIR3DL3*00902$_KIR3DP1*0030212	HG01928
HG01952	12+9	KIR2DL1*0040101_KIR2DL2*00101$_KIR2DL4*00802$_KIR2DL5B*00201$_KIR2DP1*00102$_KIR2DS2*002+_KIR2DS3*00103$_KIR2DS4*00601$_KIR3DL1*0040101_KIR3DL2*00501$_KIR3DL3*00301$_KIR3DP1*0030101_KIR2DL1*0030205_KIR2DL3*009+_KIR2DL4*0010201_KIR2DP1*00201$_KIR2DS4*0010102_KIR3DL1*0290101_KIR3DL2*0020106_KIR3DL3*01002$_KIR3DP1*0030202	HG01952
HG01978	9+9	KIR2DL1*00302$_KIR2DL3*00101$_KIR2DL4*00102$_KIR2DP1*00201$_KIR2DS4*00101$_KIR3DL1*01502$_KIR3DL2*0020105_KIR3DL3*00802_KIR3DP1*0030202_KIR2DL1*0030205_KIR2DL3*00101$_KIR2DL4*0010201_KIR2DP1*00201$_KIR2DS4*0010102_KIR3DL1*02901$_KIR3DL2*0020106_KIR3DL3*00902$_KIR3DP1*0030212	HG01978
HG02055	9+9	KIR2DL1*00302$_KIR2DL3*00501$_KIR2DL4*00103$_KIR2DP1*006#_KIR2DS4*00601$_KIR3DL1*0150211_KIR3DL2*00103$_KIR3DL3*04101#_KIR3DP1*0030216_KIR2DL1*00601+_KIR2DL3*00501$_KIR2DL4*022+_KIR2DP1*006#_KIR2DS4*00104+_KIR3DL1*03101$_KIR3DL2*00103$_KIR3DL3*035+_KIR3DP1*0030209	HG02055
HG02080	9+9	KIR2DL1*0030205_KIR2DL3*00101$_KIR2DL4*0010201_KIR2DP1*00201$_KIR2DS4*0010102_KIR3DL1*0150203_KIR3DL2*0020105_KIR3DL3*01002$_KIR3DP1*0030202_KIR2DL1*00302$_KIR2DL3*00101$_KIR2DL4*0010201_KIR2DP1*00201$_KIR2DS4*0010102_KIR3DL1*0290101_KIR3DL2*0020105_KIR3DL3*01001$_KIR3DP1*00302$	HG02080
HG02109	9+9	KIR2DL1*00302$_KIR2DL3*00101$_KIR2DL4*0080101_KIR2DP1*00201$_KIR2DS4*00301$_KIR3DL1*00101$_KIR3DL2*00101$_KIR3DL3*005$_KIR3DP1*01001$_KIR2DL1*015+_KIR2DL3*00101#_KIR2DL4*00103$_KIR2DP1*00201$_KIR2DS4*00101$_KIR3DL1*0150101_KIR3DL2*024+_KIR3DL3*01502$_KIR3DP1*0100102	HG02109
HG02145	9+11	KIR2DL1*00302$_KIR2DL3*00102+_KIR2DL4*00103$_KIR2DP1*00201$_KIR2DS4*00101$_KIR3DL1*030+_KIR3DL2*01301+_KIR3DL3*0090101_KIR3DP1*0100102_KIR2DL1*0040101_KIR2DL3*010#_KIR2DL4*0010304_KIR2DL5B*00201$_KIR2DP1*015#_KIR2DS3*00103$_KIR2DS4*00101$_KIR3DL1*0200102_KIR3DL2*00902+_KIR3DL3*04901+_KIR3DP1*00301#	HG02145
HG02148	9+9	KIR2DL1*0030205_KIR2DL3*00101$_KIR2DL4*0110101_KIR2DP1*00201$_KIR2DS4*010$_KIR3DL1*0050103_KIR3DL2*01001$_KIR3DL3*00902$_KIR3DP1*0030212_KIR2DL1*0030205_KIR2DL3*00103#_KIR2DL4*0010201_KIR2DP1*00201$_KIR2DS4*0010102_KIR3DL1*0150204_KIR3DL2*0020105_KIR3DL3*00802_KIR3DP1*0030202	HG02148
HG02257	11+12	KIR2DL1*00401$_KIR2DL2*00602+_KIR2DL4*01101$_KIR2DL5B*00201$_KIR2DP1*00102$_KIR2DS3*00103$_KIR2DS4*010$_KIR3DL1*0050103_KIR3DL2*01001$_KIR3DL3*01406+_KIR3DP1*00304$_KIR2DL1*007_KIR2DL2*00102+_KIR2DL4*0080204_KIR2DL5B*0020107_KIR2DP1*0010203_KIR2DS2*00101$_KIR2DS3*00103$_KIR2DS4*00601$_KIR3DL1*00401$_KIR3DL2*00302+_KIR3DL3*01402$_KIR3DP1*00902+	HG02257
HG02486	9+12	KIR2DL1*00302$_KIR2DL3*00101$_KIR2DL4*00103$_KIR2DP1*00201#_KIR2DS4*00104+_KIR3DL1*0310101_KIR3DL2*00103$_KIR3DL3*01101+_KIR3DP1*01001#_KIR2DL1*007$_KIR2DL2*00101$_KIR2DL4*0060201_KIR2DL5B*0020107_KIR2DP1*0010203_KIR2DS2*00101$_KIR2DS3*0010302_KIR2DS4*00401$_KIR3DL1*0070101_KIR3DL2*00801$_KIR3DL3*00301$_KIR3DP1*00301#	HG02486
HG02559	9+9	KIR2DL1*0030209_KIR2DL3*011+_KIR2DL4*00103$_KIR2DP1*0020109_KIR2DS4*00104+_KIR3DL1*0310101_KIR3DL2*00103$_KIR3DL3*0090101_KIR3DP1*0030202_KIR2DL1*0020102_KIR2DL3*00201$_KIR2DL4*0010304_KIR2DP1*0030102_KIR2DS4*0010106_KIR3DL1*0200103_KIR3DL2*00902+_KIR3DL3*0010104_KIR3DP1*016	HG02559
HG02572	9+9	KIR2DL1*00101$_KIR2DL3*006$_KIR2DL4*0080101_KIR2DP1*007$_KIR2DS4*00301$_KIR3DL1*0010107_KIR3DL2*00101$_KIR3DL3*005$_KIR3DP1*01001#_KIR2DL1*00201#_KIR2DL3*013+_KIR2DL4*022+_KIR2DP1*00201#_KIR2DS4*00104+_KIR3DL1*03101$_KIR3DL2*00103$_KIR3DL3*00205+_KIR3DP1*00304#	HG02572
HG02622	12+9	KIR2DL1*01202+_KIR2DL3*00501$_KIR2DL4*00501$_KIR2DL4*01101$_KIR2DP1*013+_KIR2DS4*010$_KIR3DL1*00501$_KIR3DL2*086+_KIR3DL3*02702$_KIR3DP1*01001$_KIR3DP1*013#_KIR3DS1*0130101_KIR2DL1*00302$_KIR2DL3*00101$_KIR2DL4*0010306_KIR2DP1*00201#_KIR2DS4*00101$_KIR3DL1*0150212_KIR3DL2*00103$_KIR3DL3*00205+_KIR3DP1*0030202	HG02622
HG02630	14+10	KIR2DL1*00302$_KIR2DL3*00501$_KIR2DL4*0050101_KIR2DL4*0050101_KIR2DL5A*00101$_KIR2DP1*006#_KIR2DS1*0020103_KIR2DS5*00201$_KIR3DL2*00701$_KIR3DL3*027=_KIR3DP1*0030216_KIR3DP1*011#_KIR3DS1*0130127_KIR3DS1*0130127_KIR2DL1*00302$_KIR2DL3*00501$_KIR2DL4*01201+_KIR2DP1*006#_KIR2DS4*00101$_KIR2DS4*00101e3DL1*03501_KIR3DL1*03501+_KIR3DL2*105+_KIR3DL3*035+_KIR3DP1*0030216	HG02630
HG02717	9+12	KIR2DL1*00302$_KIR2DL3*00101$_KIR2DL4*00103$_KIR2DP1*00201$_KIR2DS4*00101#_KIR3DL1*0150102_KIR3DL2*040+_KIR3DL3*01102+_KIR3DP1*00302$_KIR2DL1*01202+_KIR2DL3*00501$_KIR2DL4*00501$_KIR2DL4*01101$_KIR2DP1*013+_KIR2DS4*010$_KIR3DL1*00501$_KIR3DL2*086+_KIR3DL3*02702$_KIR3DP1*01001$_KIR3DP1*013#_KIR3DS1*0130101	HG02717
HG02723	8+8	KIR2DL1*00302$_KIR2DL3*00101e2DP1*00201_KIR2DL4*0010306_KIR2DS4*00101$_KIR3DL1*0150202_KIR3DL2*0020102_KIR3DL3*01101+_KIR3DP1*02801#_KIR2DL2*00101$_KIR2DL4*0080204_KIR2DS2*00101$_KIR2DS4*00601$_KIR3DL1*0040102_KIR3DL2*00101$_KIR3DL3*00301$_KIR3DP1*001#	HG02723
HG02818	9+9	KIR2DL1*00302$_KIR2DL3*00101$_KIR2DL4*00103$_KIR2DP1*00201$_KIR2DS4*00101$_KIR3DL1*0150101_KIR3DL2*01301+_KIR3DL3*00202$_KIR3DP1*0100101_KIR2DL1*00601+_KIR2DL3*00501$_KIR2DL4*0080101_KIR2DP1*006#_KIR2DS4*00301$_KIR3DL1*00101$_KIR3DL2*00101$_KIR3DL3*04901+_KIR3DP1*0030209	HG02818
HG02886	11+9	KIR2DL1*00601+_KIR2DL3*00501$_KIR2DL4*0050101_KIR2DL5A*00101$_KIR2DP1*006#_KIR2DS1*00201$_KIR2DS5*00201$_KIR3DL2*00601+_KIR3DL3*035+_KIR3DP1*0030209_KIR3DS1*0130101_KIR2DL1*00201#_KIR2DL3*013+_KIR2DL4*022+_KIR2DP1*00201#_KIR2DS4*00104+_KIR3DL1*03101$_KIR3DL2*00103$_KIR3DL3*00205+_KIR3DP1*00304#	HG02886
HG03098	7+9	KIR2DL2*00301$_KIR2DL5B*00601$_KIR2DS1*00201$_KIR2DS2*00102+_KIR2DS5*009+_KIR3DL2*01901+_KIR3DL3*050+_KIR2DL1*00302#_KIR2DL3*00101$_KIR2DL4*00103#_KIR2DP1*00201$_KIR2DS4*00101$_KIR3DL1*0150102_KIR3DL2*040+_KIR3DL3*005$_KIR3DP1*01001$	HG03098
HG03453	9+11	KIR2DL1*0030209_KIR2DL3*011+_KIR2DL4*00103$_KIR2DP1*0020109_KIR2DS4*001=_KIR3DL1*0310101_KIR3DL2*00103$_KIR3DL3*00901$_KIR3DP1*0030202_KIR2DL1*00401$_KIR2DL2*00602+_KIR2DL4*00103$_KIR2DL5B*00601$_KIR2DP1*010_KIR2DS4*00101$_KIR2DS5*0070102_KIR3DL1*0150101_KIR3DL2*01301+_KIR3DL3*01406+_KIR3DP1*0030402	HG03453
HG03486	9+9	KIR2DL1*00601+_KIR2DL3*00501$_KIR2DL4*022+_KIR2DP1*006#_KIR2DS4*00104+_KIR3DL1*03101$_KIR3DL2*00103$_KIR3DL3*035+_KIR3DP1*0030209_KIR2DL1*00302$_KIR2DL3*00101$_KIR2DL4*00103$_KIR2DP1*0020109_KIR2DS4*00101$_KIR3DL1*0150101_KIR3DL2*024+_KIR3DL3*01502$_KIR3DP1*0100102	HG03486
HG03492	9+9	KIR2DL1*0020112_KIR2DL3*00201$_KIR2DL4*0110101_KIR2DP1*00301$_KIR2DS4*010$_KIR3DL1*0050101_KIR3DL2*00103$_KIR3DL3*00602$_KIR3DP1*005_KIR2DL1*0030225_KIR2DL3*00101$_KIR2DL4*00103$_KIR2DP1*00201#_KIR2DS4*00301$_KIR3DL1*00801$_KIR3DL2*00901_KIR3DL3*030+_KIR3DP1*0030202	HG03492
HG03516	9+12	KIR2DL1*00302$_KIR2DL3*00101$_KIR2DL4*00801$_KIR2DP1*00201$_KIR2DS4*00301$_KIR3DL1*00101$_KIR3DL2*00101$_KIR3DL3*005$_KIR3DP1*0030202_KIR2DL1*00401$_KIR2DL2*00101$_KIR2DL4*0010303_KIR2DL5B*00201$_KIR2DP1*00102$_KIR2DS2*0010111_KIR2DS3*00106+_KIR2DS4*00101$_KIR3DL1*02501$_KIR3DL2*00201$_KIR3DL3*0140203_KIR3DP1*0030101	HG03516
HG03540	9+7	KIR2DL1*00303$_KIR2DL3*006$_KIR2DL4*00103$_KIR2DP1*007$_KIR2DS4*00101$_KIR3DL1*01701$_KIR3DL2*01001$_KIR3DL3*005$_KIR3DP1*01001$_KIR2DL1*00302$_KIR2DL3*00101$_KIR2DL4*00802$_KIR2DP1*00201#_KIR3DL1*05901$_KIR3DL3*01502$_KIR3DP1*017	HG03540
HG03579	9+12	KIR2DL1*00601+_KIR2DL3*00501$_KIR2DL4*01202+_KIR2DP1*006#_KIR2DS4*00301$_KIR3DL1*022$_KIR3DL2*00101$_KIR3DL3*04101$_KIR3DP1*0030209_KIR2DL1*0040101_KIR2DL2*00101$_KIR2DL4*0010307_KIR2DL5B*017+_KIR2DP1*00102#_KIR2DS2*001=_KIR2DS3*00103$_KIR2DS4*00101$_KIR3DL1*01701$_KIR3DL2*01001$_KIR3DL3*032+_KIR3DP1*0030101	HG03579
NA18906	9+9	KIR2DL1*011=_KIR2DL3*01202+_KIR2DL4*00103$_KIR2DP1*00301#_KIR2DS4*00101$_KIR3DL1*0150101_KIR3DL2*095+_KIR3DL3*01102+_KIR3DP1*00302$_KIR2DL1*00302$_KIR2DL3*00101$_KIR2DL4*022+_KIR2DP1*00201$_KIR2DS4*00104+_KIR3DL1*03101$_KIR3DL2*00103$_KIR3DL3*0090101_KIR3DP1*0030202	NA18906
NA19240	10+7	KIR2DL1*00303$_KIR2DL3*006$_KIR2DL4*01201#_KIR2DP1*007$_KIR2DS4*00101$_KIR2DS4*00101e3DL1*03501_KIR3DL1*03501+_KIR3DL2*100=_KIR3DL3*005$_KIR3DP1*01001$_KIR2DL2*004=_KIR2DL5B*003$_KIR2DS1*004+_KIR2DS2*004+_KIR2DS5*003+_KIR3DL2*00601+_KIR3DL3*022+	NA19240
NA20129	9+10	KIR2DL1*00303$_KIR2DL3*006$_KIR2DL4*0080204_KIR2DP1*007$_KIR2DS4*00601$_KIR3DL1*0040102_KIR3DL2*00301+_KIR3DL3*005$_KIR3DP1*01001$_KIR2DL2*00301$_KIR2DL4*00501$_KIR2DL5A*00101$_KIR2DS1*00201$_KIR2DS2*0010108_KIR2DS5*00201$_KIR3DL2*00701$_KIR3DL3*0040201_KIR3DP1*007+_KIR3DS1*0130101	NA20129
NA21309	11+9	KIR2DL1*010#_KIR2DL2*00602+_KIR2DL4*00103$_KIR2DL5B*011$_KIR2DP1*006$_KIR2DS4*00104+_KIR2DS5*004+_KIR3DL1*0310101_KIR3DL2*00103$_KIR3DL3*01406+_KIR3DP1*01001$_KIR2DL1*00303$_KIR2DL3*006$_KIR2DL4*0080204_KIR2DP1*007$_KIR2DS4*00601$_KIR3DL1*00401$_KIR3DL2*01101+_KIR3DL3*005$_KIR3DP1*0030203	NA21309
